CD4,CD8,CD45,SMA,Vimentin,CD31,Keratin-pan,E-cadherin,MastChyTry,MPO,CD20,CD3,CD14,HLA-DR-DQ-DP,Foxp3,CD16,CD11c,CD206,CD11b,CD68,CD163,CD209,cluster,hCluster_cap
0.00948199485367727,0.00143578928212041,0.0214212876620879,0.00891777973514239,0.180267561508921,0.00371525907597126,0.00163454135274003,0.00118593863773433,0.000109470936223484,0.000579375256240476,0.000848044684710534,0.00241091589966147,0.0140976302574443,0.0751080201020092,0.000359550544273885,0.00200928505726595,0.00898726589973005,0.0193912506131289,0.00693670560994663,0.0237196953449563,0.000445708898015912,0.000145928047475101,97,1
0.286840539194781,0.00949180874709975,0.162634052577384,0.00487490675668778,0.0937244399709392,0.00216342774140363,0.00112025112658258,0.000416850187851601,0.000479669693523553,0.00111142834165784,0.00446728663844385,0.157370501538843,0.0265973818140973,0.0205883079721915,0.00718629568946151,0.00724692705360917,0.00840049890578593,0.00765996336640099,0.00298856011706365,0.00307202510569685,0.000860005454568807,0.000598746836654412,57,1
0.0883395886522292,0.0135563065448717,0.150569681058718,0.01198652197192,0.196668115535239,0.00252200721547128,0.00306592680930644,0.000897032891025714,0.00128846171119555,0.0062434244578227,0.00181622125382278,0.0352680264548501,0.158925269782447,0.0671158426673807,0.0043883316691213,0.0240078251646506,0.0547042323807876,0.0926219726465972,0.0288889923242952,0.0328694279862928,0.00670793507773041,0.00535424988126242,98,1
0.0133094751075614,0.00234238853855122,0.0456561520662774,0.00420776237831929,0.127291329006525,0.0009422909954476,0.00028990317430781,1.08629284019539e-05,5.68687332024539e-05,0.0010544837638395,0.000334523496824347,0.0038145970990974,0.126723297952812,0.0156733992699216,0.000458558278802224,0.00772734259381501,0.00720025568645787,0.015131011141779,0.00412617555030107,0.00974895748253593,0.0022070884039468,0.000610204503557335,78,1
0.0330617857754916,0.0158211771655391,0.0705210686997085,0.00695330522917452,0.121037187926184,0.00162063729849502,0.000654337924214897,0.000173048581773136,0.000146517016588397,0.00176156028414249,0.00285690623620345,0.0297593348971766,0.0165375214064852,0.00841854774610684,0.00178542365690898,0.00694711873067347,0.00464404031260581,0.00341759576825096,0.00154842880891959,0.00222191515284869,0.000528999112485378,0.000426457118479664,80,1
0.009847511590178,0.00302774937058007,0.0244430095781211,0.0218650447049233,0.20173842979342,0.00342421493387773,0.00167034854771931,0.000382137399168271,0.000305587660184154,0.00125485554260224,0.00145777647858086,0.00642734202387179,0.0233958713931743,0.0166881543846629,0.000648356990946842,0.00313332266864094,0.00692521937245651,0.0152236233465841,0.00308865578160112,0.0133937617561432,0.000761329177642875,0.000432463878852228,99,1
0.000516914278966616,0.000243224291682038,0.00195444996952589,0.00104282000747418,0.0767054541806837,0.00108219427910219,9.27852993072274e-05,3.96748893931992e-05,1.90127517400582e-05,6.85864102083671e-05,0.000105107998501004,0.000447651582775222,0.00132827196565938,0.00140592443599769,5.13134165390822e-05,0.000144632260911377,0.000278697289297341,0.000643288185719092,9.14041109955225e-05,0.000516776993906432,2.02348857512101e-05,1.3745419250855e-05,100,1
0.0567191995232737,0.00461099207507841,0.130638875686636,0.0111599742915969,0.232112994390205,0.00152573187869474,0.00151940643891939,0.00193642035960927,6.07149494875476e-05,0.0157942236614147,0.000540292944235253,0.0156775586655657,0.12641515020771,0.134261859696006,0.00251220568192507,0.0182477132296274,0.0815973220620508,0.125258905385175,0.21807222518347,0.0614670986589932,0.00341816576773249,0.00150053075019445,85,1
0.0199109230698893,0.0105814516412799,0.0945023958297933,0.00138178204747096,0.0604890189788376,0.00128273161973502,0.000462689870636237,0.000115770572531115,0.000177272779478109,0.00138112831375084,0.00158826417901096,0.0177246232810856,0.013915127798509,0.00658410609233191,0.00137104451589756,0.00335804465010909,0.00438522916384348,0.00263636873408449,0.00101169549515815,0.00118735124831004,0.00014666129562408,0.000246017159267814,69,1
0.0734895399093246,0.0451193891378053,0.10590109373968,0.00856773179401029,0.110600861728727,0.00216465349059844,0.00173524313672524,0.000293154117654002,0.000264594178809806,0.000924821210630182,0.00328925040001365,0.227882551570145,0.0136972104683699,0.0137934113442551,0.00871799388931918,0.00442639711926151,0.00324240560806414,0.00448787188513756,0.00179948993155847,0.00111245207029195,0.000486010660851244,0.000444629461457657,70,1
0.0028549808707597,0.00337178281451523,0.00733871186644718,0.0199404251966607,0.168232697691045,0.153662910182363,0.000687321894488277,0.000344249035091225,8.38122681815941e-05,0.00426537978439758,0.0012074333153654,0.00307125704753923,0.00328149580266664,0.0180232753406692,0.000319005588337218,0.000980338180865258,0.00037556274634727,0.00165306843685906,0.000946790193918109,0.000202347286400532,0.000164635087569642,0.000209464788929577,56,1
0.0370376450731531,0.00446700472635398,0.0768175383082929,0.0189122126890958,0.289750386474439,0.00159932541328698,0.00345559786378011,0.00118374656949362,0.00160700353552061,0.00372483289520716,0.00100589568521534,0.00906460799643083,0.0748657898303938,0.0752888687119323,0.00139477163762151,0.00737866905325588,0.0476842795153589,0.119986534794349,0.0347986086453847,0.0599640897370584,0.00378773702932949,0.00294044680561094,90,1
0.0171278228738999,0.00158326499728033,0.0295958040022655,0.00188929055423974,0.172944381371398,0.000326442923859862,0.000551837149593372,0.0002353678455005,2.65815382315629e-05,0.00153343985827992,0.000668414990639879,0.00263923967247607,0.0294719622724447,0.0940191953100362,8.07500927919953e-05,0.00197894220255711,0.022836265478719,0.0715995698825662,0.0293075593440756,0.356449289955099,0.000524523437148988,0.000328651299209846,95,2
0.0241511547562642,0.0051307695958619,0.037710625393211,0.000389693758550395,0.0649305100377278,0.0005764827426814,0.000984761064194999,0.000513877999852227,5.46011066845025e-05,0.000640366219368406,0.00276338878503137,0.00679764247530843,0.0344971003551952,0.167552291220909,0.000440574133792488,0.00257562765103791,0.0248392318977115,0.0759073155861083,0.0503419228256777,0.391523384339144,0.00141249124146721,0.000363047905401387,84,2
0.00280903341135285,0.00648885017482679,0.00429691902952533,2.08107986940305e-08,0.00401968687181034,8.34992348905347e-05,7.96892727999511e-06,4.87147142652048e-05,5.23104513349452e-05,3.77261340093987e-05,0.00125119119113212,0.00176422961853101,0.00305655655706974,0.00691194871215042,2.34083286552259e-06,0.000337382610500619,0.000989501326190695,0.002531446509506,0.000758524431235869,0.127112006709308,0.000487934280267839,8.44975285812078e-05,94,2
0.0777422228528613,0.0152894310188815,0.142630059759788,0.0135073981735852,0.151007311217758,0.00155285996462356,0.00242610417375972,1.48282209398762e-07,2.79160324827481e-05,0.00681035751753176,0.0011164205070937,0.0275901337114804,0.113467300693989,0.00910299503423801,0.00434649866616323,0.168221095049538,0.0123157959764885,0.00752152446083107,0.00497485585049694,0.00744109652380756,0.0136046638703523,0.00191249379890932,59,3
0.154822579218021,0.0252096285154331,0.297479243944114,0.00624225120702597,0.0945593582805625,0.00129821649764873,0.000783977363154042,3.46458745861911e-05,4.04536751879525e-05,0.00844155038694399,0.0019460554418527,0.0635927756313475,0.198959552287114,0.0183432007516328,0.00505299432778919,0.190460306920399,0.0439949361691516,0.0235176140374379,0.0217822927697303,0.0103661893909334,0.00655767210342601,0.00592206288146387,49,3
0.133489356202899,0.0511248021182776,0.269051323610499,0.00188798304108903,0.0188600586654653,0.00129250099312567,0.000309071875653015,1.13227280253531e-05,4.27358325108586e-05,0.00377715915188788,0.00426915160780154,0.0850553851744241,0.170950952433185,0.0133552779884058,0.00531620123692114,0.245261375892674,0.0196212455054064,0.00729671334112355,0.00905080946892521,0.00420545922266055,0.0102445680925889,0.00125466949194423,39,3
0.111192812669631,0.0207234549003026,0.194515392326485,0.0117230149178871,0.0895555222239253,0.00138491886392371,0.00107747149948016,7.12279957878394e-05,1.49522479194545e-05,0.00665561754859706,0.00201266769888216,0.032034395549893,0.163160572144949,0.010591243902709,0.00464813694202696,0.361581601632785,0.0107244292105862,0.00751225260601125,0.00830366784746027,0.00828456329268094,0.0367223342294744,0.00174619389611162,60,3
0.0826710171146518,0.0159278048870771,0.179769431379869,0.002455312870531,0.0204636898480119,0.00104804023730257,0.000241113243923501,0.00030146335929418,1.23883419896804e-05,0.00154205223147336,0.00161157317712503,0.0215750289665347,0.143616714158247,0.00756704849694751,0.00127594164218739,0.399509179795473,0.00654772524112191,0.00466772485735242,0.00590774849706688,0.0039035267619319,0.0364466735062953,0.000850999346312522,40,3
0.00899839483606529,0.00175524957606775,0.0464937225744165,0.000434963077578392,0.00360177700529311,0.000171231318731649,0.000113852142278867,0.00040347455652985,2.1799296727542e-06,0.000234482866264455,0.00016546539282402,0.00150632156502413,0.0196776657850587,0.00508324157027073,0.000584404258496652,0.193573493766029,0.000639787503514969,0.000671320770248146,0.000217710924869616,0.000521625662637771,0.00170551606082789,1.15544678383131e-05,50,3
0.0761025849606126,0.0214799002788921,0.13765167480497,0.00297483421960922,0.0892051031657512,0.00308914800501733,0.00354354525049012,0.00211089270419805,0.000590908999679728,0.00295491979217213,0.00590556083974251,0.0460815885338612,0.039707042123377,0.117991037202598,0.00305893194011748,0.00522531470277256,0.0277808544548612,0.0193420618489205,0.0133426299194127,0.00923039902182165,0.000587207718237232,0.000620103196226174,68,4
0.025021667768902,0.00266523788624384,0.0461577742653141,0.00340765079519446,0.153438702777528,0.00416870466796885,0.00438988584289487,0.00325475064243325,0.000264779437080121,0.000838454237796927,0.00105078730205766,0.00497089330165212,0.0313433559371224,0.150417796512519,0.000538356270362957,0.00267532443008877,0.0201073071909125,0.0466771393248929,0.0200282584388747,0.0504199488151579,0.000991854072293581,0.000296823870063377,96,4
0.0222031367258927,0.00250374206435841,0.0325896512043527,0.00137830842052439,0.0600018928432058,0.00217646666144957,0.00303102472133845,0.00222332214332222,0.00019978876115745,0.000336864736346068,0.0011516896633235,0.00403124093836268,0.0178317985856653,0.174818015388959,0.000381403208612397,0.00190220139312458,0.0122682436232221,0.0207917891422909,0.0174299937533236,0.0318192753959146,0.000801554311569587,0.000198916620339834,82,4
0.000345616434679025,0.000123236147609614,0.000658035278829689,4.27857427065539e-05,0.000278767032652345,9.7706441804693e-05,0.00184509320406023,0.00151481137484864,1.76886869412076e-05,1.80715594465145e-05,6.06591738607255e-05,8.13779140019619e-05,0.000277150555525202,0.0402164339399393,3.94984773401774e-06,0.000106302045215808,0.000131081989743565,0.000282269025720142,0.00110087806703612,0.000154686023964147,7.86060065450554e-06,1.13621299674571e-05,91,4
0.0180553548951121,0.00446858929060334,0.0271280591314926,0.000680058324380789,0.00536166103409416,0.000967824431591597,0.0170371437379897,0.00831230561989344,0.000262561026107249,0.00016584505129702,0.00193939100462408,0.00493627578435166,0.0109858274422748,0.133417693992655,0.000129617976270512,0.00330858847298832,0.00803824167576694,0.00891719473752426,0.0124811137425174,0.00651255468889595,0.000331922034741454,0.000205629662018917,81,4
0.0183802141191316,0.0126727993143262,0.089707681457332,0.000162353165865021,0.0045918808703369,0.000572901861224069,0.00209760470207424,0.000838816027153336,0.000144136622384109,0.000214266899469118,0.00236634234474553,0.0186799935603852,0.0095332950963441,0.0691918673403543,0.00031906665413438,0.00102944583909855,0.00624768070315734,0.0058238087529381,0.00242939005891446,0.00159082077301397,7.05443508830547e-05,0.000139474859148229,71,4
0.349716642596265,0.0162647917614779,0.238031392332162,0.000703050666489012,0.0185715814828234,0.00190708147956872,0.00348113489481796,0.00203108666901202,0.00051745500203901,0.000546710826211843,0.00968488158891357,0.166293804216333,0.0720489065074304,0.134518732372221,0.0035523606037646,0.00641275545043018,0.0576486714364512,0.0306803804182743,0.016895011150493,0.00798839406370664,0.00219111136362512,0.00103921006931463,7,4
0.139482308843383,0.0139956926619894,0.197313902801715,0.00113559508890564,0.0686677905683057,0.00649602365976636,0.0101956121208467,0.0066312776275562,0.000373984199235364,0.00140635750644682,0.00295276294529355,0.0347273203681134,0.127651217150332,0.385701990142423,0.00114067343074669,0.0192093651487436,0.101905631205053,0.0951029751089335,0.21962073927076,0.0559832877017656,0.00544565729327996,0.00163271176856746,22,4
0.0131129735021649,0.0179161074976588,0.0301430193288237,0.012056555728812,0.0523147661095207,0.300393751205012,0.0296737786733423,0.0257769323977251,0.0020809091291734,0.0163565913416869,0.00615091508273731,0.00981563095468657,0.0204330529364471,0.0993541863796802,0.00187813063321074,0.00485276221629007,0.00385143349397438,0.00961106853449165,0.0118541402167012,0.00329238099896992,0.000988969943242457,0.000780801154139484,44,5
0.00827598402643386,0.00971840008086958,0.0199279486873639,0.0210887760099545,0.139644277865401,0.293120946662182,0.00362454374789179,0.00319195514833664,0.000729082848293148,0.012307661837123,0.0031482192423463,0.00921749713176374,0.00883104881601934,0.0410116253618423,0.000358062650227847,0.00294734877170713,0.00109967445543654,0.00354704912454409,0.00320177628863965,0.000705329368697452,0.000486656763750676,0.000443256255892931,35,5
0.00426148597121,0.00864568538176916,0.0105175044551281,0.0131736012460803,0.0843521431277237,0.419011264745962,0.00208975832495243,0.00185266675529187,0.000305344865797107,0.0128763528536822,0.00283137308231711,0.00467710386849359,0.00538333008490357,0.0254737403611263,0.000271830119041685,0.00195363344075865,0.000624441201820528,0.00157502858572669,0.00193220099411999,0.000273323597790222,0.000118127745791941,0.000143485245242735,46,5
0.00361275337117909,0.0125015847536217,0.0156746132035948,0.00383602078278414,0.0190991256339462,0.361382880378572,0.00182493157844812,0.00194923963202698,0.000532928091789181,0.00885773075159216,0.00241141876888145,0.0033040305110747,0.0103829122192184,0.0172044721606416,0.000596478622311091,0.00131575311381235,0.000762160154536493,0.00139307268819397,0.00113135251231513,0.000461903237720821,4.24821960426637e-05,0.000155917884122521,55,5
0.0200156042298593,0.0224000750942586,0.0812251689366326,0.000294974625270301,0.00729804935674378,0.151155109607038,0.000239053805669953,0.000154509378160265,0.000203132843526409,0.00321212913917705,0.00539460835088555,0.0240113347531065,0.0280342528811014,0.00790140309174464,0.000296107866810132,0.0033366736330601,0.00342154931391013,0.00210285691860995,0.000965690533799311,0.00122011476517524,0.000340418465583619,0.000399329448491473,36,5
0.000256253617528313,0.000461296294019585,0.00148885289791905,5.79471035276148e-05,0.00078259433050543,0.136760017728741,8.4892381459178e-05,4.59049715060226e-05,2.00971979702285e-05,0.000282369674750502,8.49455472803892e-05,0.00010385393679493,0.000586013415326235,0.00107091548650154,0.000101862041365125,3.85398073206877e-05,2.55252368999496e-05,6.59932254515496e-05,2.93281033659609e-05,1.96962826142815e-05,2.84512502697536e-08,5.61116478664959e-07,45,5
0.0189579547331653,0.0106162033012434,0.0348795778883404,0.00803613134138048,0.050593670447872,0.00348107806259193,0.00551616209835818,0.00855135645203854,0.833227711149518,0.0109494816581589,0.00403922650352667,0.0152187831274643,0.00996722592656621,0.016944009880058,0.00125845845157182,0.000598097766922734,0.00352148389680526,0.00543866212632415,0.00124868203756091,0.00128793476331118,0.000446873527554575,0.000802989497933957,54,6
0.000490074624179337,0.0922179522612462,0.00819226007341327,0.000316107128958543,0.000922425790644216,0.000665622766341457,0.000152895154588109,5.01923115293166e-05,2.55812282704984e-05,1.53692419875752e-05,0.000221156187424178,0.00603969959876399,0.000404675271264202,0.00107611777807638,3.46302391490986e-05,9.09940276251052e-05,0.000132402544541093,0.000142197789495652,1.65848107088814e-05,4.41223686210058e-05,8.70640183477896e-06,1.39412973739416e-06,26,7
0.0306554614571398,0.323908514775469,0.186659683558014,0.00754739112814427,0.085520088842769,0.00312756455041302,0.00153035432364428,0.000448884793461932,0.00112494900532063,0.00208916067349142,0.00624480390774006,0.205699852474879,0.0304045834041349,0.0233907876209109,0.00199358668679934,0.0102503947280875,0.010226951753427,0.00932721746454974,0.0055115017871729,0.00210344356130204,0.00124640752436134,0.000663950958359027,37,7
0.00503396441188966,0.273728229016592,0.1174457526831,0.000302965945717385,0.00590038930550396,0.00225015381268677,0.000920754478267026,0.000374862516738827,0.000192344612885681,0.000339868069082071,0.00399952740866522,0.0649368764281306,0.00971279446647381,0.00620724768522219,9.67307067402875e-05,0.00176050276715252,0.00294635889905392,0.00112214275027457,0.000632742012081142,0.000255130704704728,9.52405902181588e-05,1.76726107212138e-05,27,7
0.0698777744802265,0.380292467660271,0.272109316589448,0.00130949009552757,0.0232741135240811,0.00307417586430782,0.00167947529172227,0.000720532927949221,0.000579992122521538,0.00117371126955669,0.0131806604386467,0.335422135973828,0.0372715351428914,0.0276333181120548,0.00235718683813902,0.0134071522714138,0.0143697069246236,0.00714560846254399,0.00561902267604189,0.00127988918343381,0.000974983096585427,0.000930304803560407,29,7
0.185934337057657,0.0345572113866348,0.352645954885569,0.000662855539996811,0.0571286334278577,0.00153945145865986,0.00113632506119624,0.00232660398966084,0.000182175991583329,0.0111322807532194,0.0028357338156486,0.074425196857164,0.248558950552015,0.151591990700431,0.00574034491166895,0.0626925761926385,0.194756380097498,0.110917076398901,0.223505597948292,0.0235508873213543,0.0042158938859196,0.00340150578946325,64,8
0.13489392546919,0.00926120909236284,0.202215596117005,7.0674801424866e-05,0.110898577907188,0.0015200350056074,0.00060733282071857,0.000721283790290793,0.000402521854655348,0.000391727814510799,0.0044028803245979,0.0209433863337496,0.10421467548248,0.171050628515066,0.000554577587759327,0.00415426075108324,0.275133740836058,0.110546861326155,0.0458386865711557,0.0374512675771458,0.00381406058951754,0.000196380174110734,75,8
0.128116969119281,0.0103274803529417,0.198188620443357,4.70601914160683e-05,0.0272311687797916,0.00220204582859341,0.00320315405838307,0.00277409268277073,0.000504897878663796,0.000638320302110767,0.0049855461076699,0.0255167396245827,0.0946814476220261,0.272926502033591,0.000309141525081412,0.00189716067654504,0.19760335749232,0.0655043821649266,0.0472450507882263,0.0184213703306998,0.00275377197362895,0.000298250508432054,62,8
0.143411556623305,0.0310261381524429,0.260098104322809,0.000210615506587117,0.0150711359951146,0.00157940323415323,0.000516807490450799,0.000309067183693487,0.000274708689998416,0.000494353523953764,0.00633992079685092,0.0741400590273719,0.0692060097949151,0.0609714692216328,0.00141173922348875,0.0103946324628063,0.140659473624115,0.0291491040780881,0.0138160940546386,0.0042741309737331,0.00129518885905781,0.000446714281400469,61,8
0.0522117544587991,0.00270715627090945,0.0954963552221714,0.000195228928101638,0.159494044578004,0.000576849978672065,0.000263909547971577,0.00011357227909013,9.35718438107297e-05,0.000435030103525205,0.00138866692322421,0.00632071643702202,0.0431012315532271,0.0791911149078744,0.000472754150964292,0.00138795645230388,0.159529792411912,0.0528062553000631,0.0146059285933863,0.0269131852138947,0.00108639396785765,0.000154852197035337,87,8
0.115058147187036,0.00592561521934055,0.20162586364848,1.92438845804686e-05,0.0316614326585582,0.00145851220375539,0.0011518550967042,0.000554224445446656,4.74722987192014e-05,0.000122258694137524,0.00425064664940781,0.0152425938410707,0.0778619709624078,0.119518113053689,0.000407935987690385,0.000510489921996332,0.385421490031852,0.0710144754562634,0.0522632745798389,0.0157632646638525,0.00454252679123002,7.19406193694265e-05,52,8
0.0020950836113423,0.000181309849940047,0.0161740055370901,1.81757674519325e-05,0.00156169218555399,0.000144365961844994,0.000267649595629029,9.26016881034075e-05,5.82434687038474e-06,2.12831445405622e-05,0.000148584306880369,0.000102198861702473,0.00247067659271252,0.00458913987333178,2.03155710467742e-06,2.29739266683986e-05,0.076875980388646,0.00328311363852455,0.00102862345001745,0.00032832954696418,9.30061264439568e-06,2.47598262002616e-06,51,8
0.0986404217046457,0.00439652359153307,0.199453814067503,0.00257349620110954,0.14968025545663,0.000603678967510309,0.00115409375069074,0.00142193336684857,3.44934784395955e-05,0.00570111456996679,0.000314158523233364,0.0238864528357957,0.289334349614426,0.165682299660982,0.0072621484325486,0.0477675152508438,0.143782527036181,0.271674473941003,0.364197660238358,0.0838168820939733,0.0236944248402945,0.00264735443567141,42,9
0.0852523332340675,0.00707096241598244,0.137281773266233,0.00380729999482222,0.140576515524026,0.00210996142300061,0.00345847114686484,0.00312566407862925,0.00101718267194329,0.00222487385223411,0.00181432239883063,0.0175028651573753,0.14027782298004,0.246784921270147,0.00141734991072792,0.0116664407499421,0.0762413509331214,0.176688798866925,0.0758109200722533,0.0842533531569658,0.00607666590878088,0.00186818365592338,86,9
0.10127041939818,0.0100652627126117,0.249517524783047,0.00189817649307296,0.16186587331371,0.000602826714048512,0.00055931330893721,0.000691098705425311,0.000325148940774148,0.00657867936943368,0.000981153138030229,0.025199939034218,0.215152798424807,0.0635494114128049,0.0029610178043466,0.0503288487824442,0.147271218529626,0.185795648965178,0.105414970692929,0.0508464103848722,0.00268101319350273,0.00996679815850683,89,9
0.0298800526882872,0.00271002756587579,0.0638299171591974,0.00289674427839269,0.144238316337621,0.00177980154315468,0.00180364989736532,0.00120036388740013,0.000569508731710226,0.000435727767488824,0.000923041957217634,0.00610169298776364,0.0706495245649577,0.0789916329711295,0.000574073150710622,0.0046752569093974,0.0397273478659689,0.286247699648251,0.031427563819575,0.0639320164332531,0.00358216506259359,0.00269408906299419,77,9
0.0107413250300728,0.00184847826077833,0.0254368249079167,0.0010546376288392,0.00941314292584156,0.000860344636535458,0.00357863683412936,0.00148897271731523,0.000614054668568039,0.000235680986390052,0.00103848404342317,0.00167838296422888,0.0198413672956203,0.0952027171867283,0.000363072244222934,0.00189150964921662,0.00610200184494873,0.126655745911344,0.00611325469150522,0.0185136308074614,0.00102831419375576,0.00101626044465864,53,9
0.0615215465259264,0.00983944144074822,0.108729762249654,0.0022209123738287,0.0331364448279123,0.00124698983593213,0.00087641621723218,0.000617738145867999,0.000553495635540087,0.000605268498382046,0.00225014669577832,0.0176077771070463,0.134687670841604,0.0749462597095848,0.00112152530377943,0.00773908897060711,0.0532637633520725,0.283188848000519,0.035909791120979,0.0267452290327927,0.00934879052535398,0.00342613415493339,76,9
0.00187092849172706,0.000350461068223274,0.00458038553322807,0.000143058668800854,0.00508329643142258,0.000761645866835966,0.000425431673982835,3.62446396038099e-06,0.000156950391221643,6.85338120434585e-05,0.000210337911366233,0.00075303041291724,0.00473791028379728,0.0103320624142341,4.82371298279973e-05,0.000346753683181359,0.00178970963143712,0.116574513860485,0.0014713563318738,0.00450918530819764,0.00147926010290426,0.000464010098487678,43,9
0.0618444080250061,0.00844351975677176,0.151091315687023,0.000291615677767477,0.0231039268019956,0.00132877042618019,0.000631994943755125,0.000380929563297899,0.000166222072944628,0.00481859741988474,0.000631636551174707,0.0113424377673872,0.374271441584653,0.0925096903651085,0.00144169842444842,0.0225748068150314,0.0873691563037071,0.0554487346207756,0.221826128244064,0.0105344775740982,0.0116869533020309,0.000845634381783569,66,10
0.0896296102498326,0.0192562611609437,0.161923901232203,0.0042986838339481,0.0261382986982019,0.00201122648577369,0.00211148485177527,0.00138888320207234,0.000510893638297231,0.00225967714207267,0.00310591092801165,0.0325399172955007,0.221547417094403,0.146602386355093,0.00147734093378242,0.0183588883587258,0.0428104096717446,0.0786496084042668,0.0287118028513242,0.0189866716173521,0.00477718592347939,0.00184315647558028,73,10
0.0099135392174811,0.00134358697782757,0.0251112927579174,0.00145563194022262,0.0037693035959991,0.000863435475895985,0.00172941638399884,0.000528963945584806,0.00022134190044177,0.000412776616921522,0.000348506468734901,0.00081299851195468,0.13626272553796,0.0666700699736877,7.67969090686995e-05,0.00772598812326959,0.00509538007060249,0.0151592157244237,0.0041338236941275,0.00466238420962326,0.000823496518399025,0.000379436543852512,2,10
0.0231090411219832,0.00469540906501569,0.0783850954707456,0.00224836810049826,0.0628986764306132,0.00159479366640296,0.000549977826160805,6.54995770129807e-05,0.000301390901508767,0.00247366790724955,0.000778955246354386,0.00633754297741035,0.210409880545954,0.0307480147085791,0.000715505163421512,0.00748704945954063,0.0149547462958912,0.0329398088247466,0.0115638228548366,0.0120267472916125,0.00229822466201982,0.000564116623045471,67,10
0.0112763477751923,0.00654837796197615,0.0673130973661264,0.000209233909584713,0.00322481322143455,0.00143497326595359,0.00104402929701728,0.000184492443565336,0.000215211697965925,0.000494522990547386,0.000524135252402117,0.00566554238772898,0.147032038831469,0.00744715825061045,6.82734662254126e-05,0.00270631064560674,0.00466636012247775,0.00681017922130007,0.00241640566350826,0.00180428944284883,0.000503453013394614,7.286138157182e-05,12,10
0.00294906431021524,0.00111383345113753,0.020394215730989,0.000277455917225663,0.00455328046228231,0.000921246628201233,0.000604705306375081,7.75222890534245e-05,0.000180109383180126,0.000138643586439446,0.000201454492700902,0.000616489434936401,0.149040152972826,0.00744122583222781,1.22558287776325e-05,0.00145197728116096,0.0051296063402444,0.00678596373667934,0.00324149279702769,0.00156908983654448,0.000625057566334843,4.57593001862209e-05,11,10
0.0362304331127898,0.0106939234766469,0.104194641079883,0.000165514187807765,0.0100499393027016,0.0017203822185619,0.00140065349856582,0.000549598456372896,0.000556342867509133,0.00131442076684883,0.00296728290033831,0.00894007589997296,0.19937205544002,0.0356895065925124,0.000130489696831907,0.00479550618753689,0.0890010933234983,0.0214893792286482,0.0106451722779117,0.00396826103669745,0.00172133810838231,0.000153096707561559,72,10
4.72406996987348e-05,4.47256958308444e-05,0.00101619266155431,1.47956279417932e-05,0.000220531987696816,4.80134983553314e-05,2.40926032485852e-05,2.50069859521648e-06,9.0890984284102e-06,5.67096189902851e-06,9.20287242498453e-06,1.51972044519366e-05,0.0545427472214933,0.000401078322601452,4.05812660469854e-09,1.93251637915002e-05,0.000230163380065051,0.000151895775097036,0.000168946553788327,4.54533523061885e-05,1.52512720508219e-05,3.1027509105332e-07,1,10
0.0162203140434519,0.0103194897133604,0.102143375374726,0.000522963322588955,0.024170510185511,0.000901364227288344,0.000381495953417845,7.10811724916051e-05,0.000112288528816934,0.000546504691324909,0.00141997755486227,0.0196857993474568,0.00832742771285198,0.00475339097433471,0.000782246580211117,0.00209320218513106,0.00284321144911924,0.00165063704017254,0.000668752969552007,0.000782395809256754,8.3291783423483e-05,0.000117916845111351,58,11
0.0103835611937342,0.0117164243704312,0.0842908711786952,0.000203595760491306,0.00246195078264916,0.000856892105687172,0.000712002263200852,0.000151388537132875,0.000104995641280794,0.000349098500678162,0.00197883364957336,0.0111077865170666,0.00531257776800541,0.00497228891314488,0.000317564256692925,0.00143791405705662,0.00237954061499072,0.00156937925831455,0.000450412389209969,0.00080409235883368,3.9995482892365e-05,0.00010030546754506,20,11
0.375955527009261,0.0406941676339449,0.340466063390182,0.00160865194723351,0.0318344130881465,0.002109064486807,0.00107645929666575,0.000418691303483834,0.00070660993737223,0.00138897780629164,0.0139214556298238,0.365628623575633,0.0501203576974658,0.0387227553954096,0.00774518287490358,0.0147364198895502,0.0243297757978651,0.0103395813939904,0.0056691946407966,0.00201790674905333,0.0012758427043667,0.00183980957037335,48,11
0.337055640371866,0.0132504491025545,0.201383073777187,0.000314696763072842,0.00950272163304867,0.000879934582380679,0.000604730078553439,0.000264949163320973,0.000148203408716085,0.000186825544061237,0.00628709918163407,0.37886584302967,0.0071753086213737,0.00859379306311369,0.00378409109570474,0.00239943595050456,0.00462653644939624,0.00188208352036607,0.000368960731125647,0.000418311705764686,0.000181888595008889,0.00044757632692514,18,11
0.0304501777887869,0.0139866719567508,0.133446361026402,0.000305138034563839,0.00627256595150754,0.00117764354548981,0.000836292187306497,7.91226540105281e-05,0.000111180721866093,0.000992770386444055,0.000890541680513867,0.0176469322803396,0.0971521653027648,0.0101834069630687,0.000540916965317404,0.010689341748974,0.00911034019752226,0.00484804055719257,0.00341227857042803,0.00178753966372979,0.000371876869437953,0.000189496426025758,30,11
0.272069544636102,0.0543973367868111,0.310193818954684,0.00655468244040877,0.0881249890113442,0.00295364399015537,0.00298210319400263,0.000747952962523708,0.00113079440986872,0.00645657165620011,0.00713568602151416,0.222437556946169,0.129745391138955,0.091533656752227,0.0126911516074409,0.0198453113534192,0.0626937100768779,0.0544101167655966,0.033715395773532,0.0129694816021192,0.00400803237509029,0.00250544173978496,74,11
0.123477497565862,0.0400311445055087,0.165137465051147,0.0021492967463756,0.0571727301423587,0.00159370372428477,0.00101956325962274,0.000248326104345369,0.00019664285598106,0.00040990597943918,0.00622568137018602,0.336976029830007,0.0143801455191156,0.0140751789495241,0.0147025864284551,0.00596104102509727,0.00388152821927811,0.00327639262261597,0.00128107466969824,0.000877419142393167,0.000524810538668172,0.000498030353377031,47,11
0.0453058913651981,0.0245154656570805,0.149893055291624,0.000157319852552734,0.00455581772972237,0.000607227380296615,0.000415353109308027,0.000107642599222972,5.50834064528915e-05,0.00014555079296894,0.00384166673634134,0.211440330862558,0.00553122108652133,0.00533637082779902,0.001680372924839,0.00178405110769606,0.00178249395129995,0.000798657474927103,0.000303419699032196,0.00019729585533849,7.02950462749498e-05,0.000136877000038824,63,11
0.0223097426047971,0.0120839613716166,0.0557508462726843,0.000161366623646194,0.00486660485104026,0.000243100896369112,0.000408390839441702,7.0027828633565e-05,2.96192798465418e-05,0.000135770607455899,0.0018021768411422,0.220024555213845,0.00221662405287977,0.00267834792170944,0.00143895387778631,0.00142046549309758,0.000775489254376591,0.000565573331161986,0.000258138382379792,0.000183668693902932,4.29459356508712e-05,7.5803374388969e-05,19,11
0.000987495075928836,0.000422823621996067,0.037527390256722,8.08125733393372e-06,0.000202253880820053,7.54519871960343e-05,2.7482993578499e-05,9.38966636705089e-06,5.87455422979243e-06,1.57431312454161e-05,9.51925994028657e-05,0.00100522585537124,0.000396457530270864,0.000184277355147926,1.81374624398066e-05,9.92208224469298e-05,0.000106561745280451,5.62016988151165e-05,2.23003479685379e-05,3.88415511488153e-05,4.38848675376019e-06,3.38244773491776e-06,10,11
0.218410720525154,0.00453565623314869,0.16327387336613,0.000243485803386088,0.00496329975187383,0.00084707017682573,0.000693593380180116,0.000347309185635256,0.000132660387154065,0.000248667830233199,0.00362850746160783,0.0564991951317788,0.0105504153229706,0.0076665547988346,0.000855677175171066,0.00240152525424384,0.00536836069346328,0.00188884681102074,0.000528828722621561,0.000643544619099954,0.00011904067433988,0.000177536018593896,17,11
0.00192553841978855,0.00096784902677769,0.00480612557105609,1.54402081619177e-05,0.00105303185656418,2.13082285445464e-05,0.000107357577156289,7.64228206100684e-06,1.41760725693169e-05,3.73444243073459e-05,9.23922432092394e-05,0.105829083702165,0.000187663206376771,0.000259027732823456,0.000102038089127388,9.77731928514111e-05,4.55284483452888e-05,4.96133737155591e-05,1.16475638094974e-05,1.31322155311698e-05,1.71069817268739e-06,6.04960697047018e-06,28,11
0.0533523117210579,0.0207840227589869,0.174362857447022,0.000350551597736773,0.0113904438097269,0.0026825034128854,0.00255193178700775,0.00157148646733205,0.000442599702801267,0.00172428375837984,0.132721828627648,0.0364238857354263,0.031231751577375,0.114304585543235,0.000541928252565818,0.00329609084726587,0.0203722368714294,0.00758442047339088,0.00952165873734964,0.0038352446408683,0.00187615933870417,0.0018181304107825,13,12
0.0653440495830171,0.041252223917953,0.188823704037801,0.00222990140267195,0.0669613103874005,0.00482860050849051,0.000696524808866029,0.000478618574108441,0.000787934438849222,0.00148235069832682,0.13597543987497,0.0823364886908462,0.0231248527840412,0.0514392829160903,0.00122526483597925,0.00392410587930365,0.0132551574835801,0.00614568615966479,0.00400993951381841,0.00467185557722675,0.00198623956037044,0.00264551658456291,15,12
0.204243881763998,0.0817137696158774,0.279150437055919,0.000282254248996282,0.0167245732253696,0.00208200504229902,0.000584052688127797,0.000485066886406425,0.000286620099255978,0.000434806208867626,0.167146153773503,0.286329350692218,0.0129333994070805,0.0370912921555668,0.00275414199713906,0.00200391638274661,0.00818920002399276,0.00259766153676769,0.000959070320172592,0.000861782542834319,0.00224865181937726,0.00269306144366861,16,12
0.0154048614079659,0.00803914213333013,0.0841446497342279,0.00189727905708061,0.100765932805433,0.00386093670259662,0.000819636958764073,0.000204929778644603,0.000345496558667095,0.000368027027999261,0.102248153882671,0.0181995231362867,0.0061032440640301,0.0276227604575584,0.000881981598717884,0.00113841324922173,0.00335200814708159,0.00222803674776933,0.00084526193512153,0.00146111534414884,0.0010826732436844,0.000931425035267291,79,12
0.0175648476384065,0.0112880798102856,0.146568012480853,0.000369273664693328,0.0604592373630756,0.0023350485705477,0.000495464946369633,9.23410669183622e-05,0.000189953015426701,0.000144749629236853,0.243805545238379,0.0189840667601774,0.0103469246472018,0.0339210035922687,0.000268970841236901,0.0015359962186646,0.00506810086904894,0.00143327958615958,0.00104711377541791,0.00126425909045287,0.00764901370284999,0.000793858052609951,14,12
0.00154035270290736,0.00198159411772377,0.0418282478021174,8.45068737230753e-05,0.00269339446858655,0.000219823406535761,0.00044993087475459,4.45701205962833e-05,4.72389894060386e-05,7.62320459760331e-06,0.201859971736684,0.001805797193072,0.000528914526811298,0.0156237461820179,9.44991318284034e-13,0.00605727009705832,0.000496736012272975,0.000192141265158141,0.00025403481706381,4.72163674915424e-05,0.00403082103932038,1.282283767545e-05,4,12
0.0313887032873589,0.0144986978807188,0.158724802874357,9.01328792370566e-05,0.00785137833109577,0.000950169268439002,0.00311944244371442,0.000640512717273156,0.000252594825651077,0.0001551122737023,0.277259575038331,0.0214856054918227,0.0180953081061365,0.10967486701856,0.000136856788365547,0.00343342647484416,0.00736410725463103,0.00255194297250258,0.0127484875556992,0.00113179201511604,0.00699187385832095,0.000704023353697291,3,12
0.0152285322424325,0.0117973063269029,0.191267738629058,2.61462275612521e-05,0.0109732331883735,0.00037961103637576,0.000242180439876119,0.000406027344566232,5.41299194039419e-05,2.94814032760955e-05,0.333510518529323,0.0183685839647252,0.00658225588709392,0.024315502108016,0.000104159594305467,0.00412059900102553,0.0021662496768186,0.000344883980692578,0.000326616879401564,0.000310619903520027,0.016618658101022,0.000175894693746965,5,12
0.0174999676550786,0.0162041134400108,0.173881604968595,3.13148411422059e-05,0.00584397644101849,0.00052536932255564,9.03716214352962e-05,0.000501477077750297,3.66753995278352e-05,0.000109940228964351,0.125240469312694,0.0202196186857398,0.00526731732207396,0.0158041097814477,0.000196908903804507,0.00120574072995726,0.00192101038841392,0.000410116437442175,0.000375156014501213,0.00020968013051063,0.00213412649731002,0.000482492594045728,6,12
0.229945834048126,0.00200628154992698,0.0666626913823817,0.000293669712645391,0.00513933184535886,0.00108684307177575,0.000637795527437885,0.000186348175761436,0.000123067230133881,0.00014099541921235,0.00168469286117831,0.0346546899097518,0.00623830826927343,0.00690293430462494,0.000669201688497185,0.001847996796774,0.00208433041766793,0.00154088487100485,0.000366472093752437,0.00100850072659275,0.00011708430105089,0.000119671413220416,9,13
0.112790725988325,0.000323573232979704,0.00321161902172593,8.11317689878014e-06,0.000203416343694244,0.000769373321995125,4.82013295248055e-05,2.52241547560289e-06,1.82378250109233e-06,6.47020901935478e-08,4.73356199556779e-05,0.00265803977622571,0.00123252722369505,0.000559230482958562,1.88851833747205e-05,0.00015403453396362,1.08308225582924e-05,5.26355409408669e-05,1.09691917492416e-06,7.25413507220862e-05,1.48400849775288e-05,8.4572817662446e-07,8,13
0.0231560068608753,0.00864489329719654,0.0265222085319726,0.514862621420983,0.127306743108424,0.0139361130412669,0.0191955052862734,0.000110093073263404,0.000927439120881152,0.00287060454843847,0.000673776599079639,0.0171770546295429,0.0239629272981461,0.0209616010253545,0.00449463339561076,0.0168599990264129,0.000674455529803336,0.00568582813193439,0.00192847681098871,0.0015381453517265,0.00290258875839168,0.000852220460935248,88,14
0.00328858165595778,0.00191085835110962,0.00559560511449275,0.398622487641909,0.00916142256213378,0.00273779203248116,0.000361359893011638,8.01429803653273e-05,3.57454361117211e-05,0.000145718525817258,0.000127439007430722,0.00233101275169758,0.00434587732331475,0.00457004278149101,8.73896484253386e-05,0.00201550805962925,0.000157126743864393,0.00191725350877358,8.08178303664915e-05,5.82553646576788e-05,0.000308129556024555,7.32773410014726e-05,65,14
0.0414909737550624,0.0040729633961594,0.0464993447605693,0.00533954999350739,0.02253013395604,0.000260096457493578,0.0124483999355071,0.000503450309203072,6.22818594285035e-05,0.000283545519577028,0.00110084441949508,0.0668158482918646,0.0105958870730792,0.00835620394940832,1.35160615585996,0.00972349040051256,0.00386199080952929,0.00651512402214907,0.00718855908925332,0.00072484215476037,0.0010670408333936,0.000607513905437767,38,15
0.0531184857013,0.00439892794571323,0.155338011989754,0.000364235094248173,0.0577437430054743,0.00222088587516319,0.000837574170710818,0.000338042187486562,3.4895343561788e-05,0.0269476128390747,0.000592875883716145,0.0153777387125584,0.143855439128681,0.102692582327497,0.00230606010402389,0.0192332739738304,0.136128454270673,0.0956573639652678,0.400078365999909,0.0249405000534092,0.00476906650870759,0.000760234855101298,21,16
0.00230803464160088,0.00173934727441072,0.0445706962765473,3.7087888796277e-05,0.0137511484431238,0.00230965109918358,0.000791094870404134,3.34644972363119e-07,4.47689717475703e-05,0.0916831016462689,0.000379486329325624,0.00504117087083709,0.0178548667727698,0.00569180034082568,0.000362130997622782,0.00743233883498977,0.00825049508070044,0.00128479887927415,0.190566170729836,0.000620892965835684,4.05746857647334e-05,3.66237875636457e-05,41,16
0.000223105773021219,1.8477941835684e-05,0.00195286436107016,1.22950118603989e-07,0.000754328933890034,0.000249539287847865,2.06726938948412e-05,0,8.57099215231856e-08,0.00192972871862846,2.95333223030687e-05,2.12203473071352e-05,0.00080814415236245,0.000183106515540545,0,3.54643803951292e-05,0.000457878896545788,2.60088671895551e-05,0.0758227319224604,3.4947007471747e-05,2.34354967462622e-10,5.94934580220104e-07,31,16
0.255537083172517,0.0273722653328999,0.226687142626769,0.0228762466186544,0.11606244992305,0.00260798197758709,0.00256011218009617,0.00333990263387294,0.000142374659795969,0.00398831692834956,0.00589183789064968,0.0697397111739842,0.322526257799923,0.141487216820099,0.00996050019449031,0.24040575044266,0.0166721432817587,0.145950408902744,0.087496162071819,0.0633295055693657,0.480308929624894,0.0375942235927576,34,17
0.191257912173881,0.0103500261448572,0.140228511023599,0.00513788358300772,0.070780959822533,0.00162691219602694,0.000877763254009662,0.00220362185264126,0.000113826675083524,0.00144733152494575,0.00688571811101772,0.0280986449839086,0.214114389697113,0.0848994772074674,0.0192294386629657,0.191339407809601,0.0120253866523274,0.139690603978679,0.0358363854852111,0.0449530291706482,0.703320001885354,0.0293734005422675,23,17
0.000880450830934264,2.25458179118931e-09,0.00331522986411935,1.85042144489809e-06,0.000188008067993943,6.8970589458804e-06,0,8.88278077250472e-05,0,0,0.000403932664439831,0.000338836883207319,0.00340350361101751,0.000535099641060827,0,3.9439108487368e-05,4.94485367273178e-05,0.00113239546902622,0,1.60255305672316e-07,0.115661787958216,4.18090284524275e-12,24,17
0.00784753849998656,0.00389046334210902,0.0442497537179556,0.00489008893353284,0.0309553613309013,0.00742156195528189,0.00108685897339421,0.000482429564595311,0.00140901069677443,0.879092128182938,0.00107074902972437,0.00639157317249091,0.0180466920719044,0.00879176351464572,0.00120510141061812,0.0111358919574851,0.00429643870778279,0.00265520716633201,0.061416477386009,0.00514403028666381,0.000470555671068197,0.000402845679569196,32,18
0.00162510206474278,0.000888680555463387,0.00429315574989868,0.000177589571777782,0.00227786419909458,0.000702215404758514,0.441740801103755,0.0320327790531229,0.000121927580429226,0.000104479705333449,0.000412539751704355,0.0010872296228144,0.00183330369500832,0.0167645759291301,8.27771791853301e-05,3.63167878325602e-05,0.000568182829188264,0.000595123359923281,0.00036444279222983,0.000110350975232696,8.25231793647734e-06,2.79429061024589e-06,93,19
0.00588159117460317,0.0029952843474279,0.0129916847306513,0.000211777625401807,0.005524409449312,0.00308743306251824,0.388089762531243,0.175680636045565,0.000632817103590365,0.000531692444839727,0.00149639173122655,0.00385454208567613,0.0036581326806225,0.106542801700814,0.000854964809778865,0.000270847240635315,0.00307946090401079,0.00376492509423108,0.010020341913273,0.00126116876065515,6.47642139536514e-06,2.65452292139169e-06,83,19
0.00302527807593717,0.00226793760854467,0.00760108141158068,0.000100540163062465,0.00434544979479288,0.00275673187254962,0.200173679169455,0.926644521132697,0.00121280255630696,0.00136127649306148,0.000637377826635409,0.00257588620606564,0.0033484605240794,0.065063424559258,0.000619734732033965,0.00291110653593983,0.00106242443337764,0.00208804023983184,0.00343739894794483,0.00209124405634093,0.00202304469413835,0.000334508340607449,92,19
0.164570204954661,0.0331932440258936,0.17359990468784,0.00111213855747483,0.0764965111925515,0.0123746535368545,0.000218522461620351,3.43986950382764e-05,0.00149209875957354,0.00217904150166349,0.0635812572144894,0.0855740742224122,0.0590685846176853,0.0432047054460242,0.00120595237435285,0.00607626295566396,0.0117715490841052,0.0952212700540235,0.0123075767061557,0.0215109278464683,0.0207676729997776,0.203403703323131,33,20
0.268480912615329,0.0248047087176903,0.198797081632544,3.60337614820415e-05,0.0760461542631873,0.0163486952741819,0.0023026906039533,0,0.000681862669366006,0.00156661944016996,0.0676797362250432,0.0539577553071527,0.108577984233039,0.0285809092862342,4.79753133129454e-05,0.000476728656558756,0.00928982889676157,0.188429788837355,0.0597532188498034,0.0386397336330623,0.0646874088157736,0.722338576828789,25,20
